
<annotation>
    <folder>images</folder>
    <filename>fruit131.png</filename>
    <size>
        <width>400</width>
        <height>300</height>
        <depth>3</depth>
    </size>
    <segmented>0</segmented>
    <object>
        <name>pineapple</name>
        <pose>Unspecified</pose>
        <truncated>0</truncated>
        <occluded>0</occluded>
        <difficult>0</difficult>
        <bndbox>
            <xmin>156</xmin>
            <ymin>108</ymin>
            <xmax>303</xmax>
            <ymax>212</ymax>
        </bndbox>
    </object>
    <object>
        <name>snake fruit</name>
        <pose>Unspecified</pose>
        <truncated>0</truncated>
        <occluded>0</occluded>
        <difficult>0</difficult>
        <bndbox>
            <xmin>188</xmin>
            <ymin>93</ymin>
            <xmax>211</xmax>
            <ymax>109</ymax>
        </bndbox>
    </object>
    <object>
        <name>banana</name>
        <pose>Unspecified</pose>
        <truncated>0</truncated>
        <occluded>0</occluded>
        <difficult>0</difficult>
        <bndbox>
            <xmin>92</xmin>
            <ymin>107</ymin>
            <xmax>140</xmax>
            <ymax>147</ymax>
        </bndbox>
    </object>
</annotation>