
<annotation>
    <folder>images</folder>
    <filename>fruit90.png</filename>
    <size>
        <width>400</width>
        <height>300</height>
        <depth>3</depth>
    </size>
    <segmented>0</segmented>
    <object>
        <name>pineapple</name>
        <pose>Unspecified</pose>
        <truncated>0</truncated>
        <occluded>0</occluded>
        <difficult>0</difficult>
        <bndbox>
            <xmin>195</xmin>
            <ymin>102</ymin>
            <xmax>262</xmax>
            <ymax>210</ymax>
        </bndbox>
    </object>
    <object>
        <name>snake fruit</name>
        <pose>Unspecified</pose>
        <truncated>0</truncated>
        <occluded>0</occluded>
        <difficult>0</difficult>
        <bndbox>
            <xmin>150</xmin>
            <ymin>154</ymin>
            <xmax>164</xmax>
            <ymax>171</ymax>
        </bndbox>
    </object>
    <object>
        <name>banana</name>
        <pose>Unspecified</pose>
        <truncated>0</truncated>
        <occluded>0</occluded>
        <difficult>0</difficult>
        <bndbox>
            <xmin>147</xmin>
            <ymin>210</ymin>
            <xmax>186</xmax>
            <ymax>254</ymax>
        </bndbox>
    </object>
</annotation>