
<annotation>
    <folder>images</folder>
    <filename>fruit95.png</filename>
    <size>
        <width>400</width>
        <height>300</height>
        <depth>3</depth>
    </size>
    <segmented>0</segmented>
    <object>
        <name>pineapple</name>
        <pose>Unspecified</pose>
        <truncated>0</truncated>
        <occluded>0</occluded>
        <difficult>0</difficult>
        <bndbox>
            <xmin>150</xmin>
            <ymin>76</ymin>
            <xmax>262</xmax>
            <ymax>171</ymax>
        </bndbox>
    </object>
    <object>
        <name>snake fruit</name>
        <pose>Unspecified</pose>
        <truncated>0</truncated>
        <occluded>0</occluded>
        <difficult>0</difficult>
        <bndbox>
            <xmin>136</xmin>
            <ymin>181</ymin>
            <xmax>154</xmax>
            <ymax>205</ymax>
        </bndbox>
    </object>
    <object>
        <name>banana</name>
        <pose>Unspecified</pose>
        <truncated>0</truncated>
        <occluded>0</occluded>
        <difficult>0</difficult>
        <bndbox>
            <xmin>201</xmin>
            <ymin>220</ymin>
            <xmax>258</xmax>
            <ymax>268</ymax>
        </bndbox>
    </object>
</annotation>