
<annotation>
    <folder>images</folder>
    <filename>fruit11.png</filename>
    <size>
        <width>400</width>
        <height>300</height>
        <depth>3</depth>
    </size>
    <segmented>0</segmented>
    <object>
        <name>pineapple</name>
        <pose>Unspecified</pose>
        <truncated>0</truncated>
        <occluded>0</occluded>
        <difficult>0</difficult>
        <bndbox>
            <xmin>86</xmin>
            <ymin>124</ymin>
            <xmax>252</xmax>
            <ymax>224</ymax>
        </bndbox>
    </object>
    <object>
        <name>snake fruit</name>
        <pose>Unspecified</pose>
        <truncated>0</truncated>
        <occluded>0</occluded>
        <difficult>0</difficult>
        <bndbox>
            <xmin>213</xmin>
            <ymin>203</ymin>
            <xmax>237</xmax>
            <ymax>229</ymax>
        </bndbox>
    </object>
    <object>
        <name>dragon fruit</name>
        <pose>Unspecified</pose>
        <truncated>0</truncated>
        <occluded>0</occluded>
        <difficult>0</difficult>
        <bndbox>
            <xmin>200</xmin>
            <ymin>241</ymin>
            <xmax>260</xmax>
            <ymax>299</ymax>
        </bndbox>
    </object>
</annotation>