
<annotation>
    <folder>images</folder>
    <filename>fruit6.png</filename>
    <size>
        <width>400</width>
        <height>300</height>
        <depth>3</depth>
    </size>
    <segmented>0</segmented>
    <object>
        <name>pineapple</name>
        <pose>Unspecified</pose>
        <truncated>0</truncated>
        <occluded>0</occluded>
        <difficult>0</difficult>
        <bndbox>
            <xmin>42</xmin>
            <ymin>78</ymin>
            <xmax>264</xmax>
            <ymax>215</ymax>
        </bndbox>
    </object>
    <object>
        <name>snake fruit</name>
        <pose>Unspecified</pose>
        <truncated>0</truncated>
        <occluded>0</occluded>
        <difficult>0</difficult>
        <bndbox>
            <xmin>237</xmin>
            <ymin>164</ymin>
            <xmax>270</xmax>
            <ymax>194</ymax>
        </bndbox>
    </object>
    <object>
        <name>dragon fruit</name>
        <pose>Unspecified</pose>
        <truncated>0</truncated>
        <occluded>0</occluded>
        <difficult>0</difficult>
        <bndbox>
            <xmin>249</xmin>
            <ymin>209</ymin>
            <xmax>336</xmax>
            <ymax>286</ymax>
        </bndbox>
    </object>
</annotation>