
<annotation>
    <folder>images</folder>
    <filename>fruit41.png</filename>
    <size>
        <width>400</width>
        <height>300</height>
        <depth>3</depth>
    </size>
    <segmented>0</segmented>
    <object>
        <name>pineapple</name>
        <pose>Unspecified</pose>
        <truncated>0</truncated>
        <occluded>0</occluded>
        <difficult>0</difficult>
        <bndbox>
            <xmin>177</xmin>
            <ymin>65</ymin>
            <xmax>314</xmax>
            <ymax>232</ymax>
        </bndbox>
    </object>
    <object>
        <name>snake fruit</name>
        <pose>Unspecified</pose>
        <truncated>0</truncated>
        <occluded>0</occluded>
        <difficult>0</difficult>
        <bndbox>
            <xmin>154</xmin>
            <ymin>141</ymin>
            <xmax>181</xmax>
            <ymax>158</ymax>
        </bndbox>
    </object>
    <object>
        <name>dragon fruit</name>
        <pose>Unspecified</pose>
        <truncated>0</truncated>
        <occluded>0</occluded>
        <difficult>0</difficult>
        <bndbox>
            <xmin>107</xmin>
            <ymin>76</ymin>
            <xmax>163</xmax>
            <ymax>125</ymax>
        </bndbox>
    </object>
</annotation>